energy_densityc2,pressurec2,baryon_density
1.659182799000000060e+08,3.842292429000000266e+04,1.659182799000000060e+08
1.715000676999999881e+08,4.018014095000000088e+04,1.715000676999999881e+08
1.772697618000000119e+08,4.201813378999999986e+04,1.772697618000000119e+08
1.832335206999999881e+08,4.394196405999999843e+04,1.832335206999999881e+08
1.893978566999999881e+08,4.595037692000000243e+04,1.893978566999999881e+08
1.957695970000000000e+08,4.804662481000000116e+04,1.957695970000000000e+08
2.023558643000000119e+08,5.024124437000000034e+04,2.023558643000000119e+08
2.091637200000000000e+08,5.253810257999999885e+04,2.091637200000000000e+08
2.162003925999999940e+08,5.492923232999999891e+04,2.162003925999999940e+08
2.234739690999999940e+08,5.743471600999999646e+04,2.234739690999999940e+08
2.309923920999999940e+08,6.005284032000000298e+04,2.309923920999999940e+08
2.387635638000000119e+08,6.278392035999999644e+04,2.387635638000000119e+08
2.467964249000000060e+08,6.564315700000000652e+04,2.467964249000000060e+08
2.550993764000000060e+08,6.863208823999999731e+04,2.550993764000000060e+08
2.636819245000000000e+08,7.174964286999999604e+04,2.636819245000000000e+08
2.725529895000000000e+08,7.501416882999999507e+04,2.725529895000000000e+08
2.817225933000000119e+08,7.841899838000000454e+04,2.817225933000000119e+08
2.912007481999999881e+08,8.198101112999999896e+04,2.912007481999999881e+08
3.009978193999999762e+08,8.570404059999999299e+04,3.009978193999999762e+08
3.111246150000000000e+08,8.958606708999999682e+04,3.111246150000000000e+08
3.215919998999999762e+08,9.364971206999999413e+04,3.215919998999999762e+08
3.324117973000000119e+08,9.789323613999999361e+04,3.324117973000000119e+08
3.435955040000000000e+08,1.023313482999999978e+05,3.435955040000000000e+08
3.551554676000000238e+08,1.069613105999999971e+05,3.551554676000000238e+08
3.671044823000000119e+08,1.118084557999999961e+05,3.671044823000000119e+08
3.794554938000000119e+08,1.168633687999999966e+05,3.794554938000000119e+08
3.922222655000000000e+08,1.221571894999999931e+05,3.922222655000000000e+08
4.054184875000000000e+08,1.276758950000000041e+05,4.054184875000000000e+08
4.190587860000000000e+08,1.334450309999999881e+05,4.190587860000000000e+08
4.331580245000000000e+08,1.394692944999999891e+05,4.331580245000000000e+08
4.477316921999999881e+08,1.457819277000000002e+05,4.477316921999999881e+08
4.627956386000000238e+08,1.523484256999999925e+05,4.627956386000000238e+08
4.783666141999999881e+08,1.592380033999999869e+05,4.783666141999999881e+08
4.944615323000000119e+08,1.664024403999999922e+05,4.944615323000000119e+08
5.110980181000000238e+08,1.739064089000000095e+05,5.110980181000000238e+08
5.282941993999999762e+08,1.817491393000000098e+05,5.282941993999999762e+08
5.460691937000000477e+08,1.899271381000000110e+05,5.460691937000000477e+08
5.644422080000000000e+08,1.985003081999999995e+05,5.644422080000000000e+08
5.834335417999999523e+08,2.074240890000000072e+05,5.834335417999999523e+08
6.030638686000000238e+08,2.167477483000000066e+05,6.030638686000000238e+08
6.233549950000000000e+08,2.265059972999999882e+05,6.233549950000000000e+08
6.443288241000000238e+08,2.366873978000000061e+05,6.443288241000000238e+08
6.660081533999999762e+08,2.473117888000000094e+05,6.660081533999999762e+08
6.884173118999999762e+08,2.584450260000000126e+05,6.884173118999999762e+08
7.115804657999999523e+08,2.700418920999999973e+05,7.115804657999999523e+08
7.355230862000000477e+08,2.821480669999999809e+05,7.355230862000000477e+08
7.602714206000000238e+08,2.948256857999999775e+05,7.602714206000000238e+08
7.858526858999999762e+08,3.080546792000000132e+05,7.858526858999999762e+08
8.122946802999999523e+08,3.218799824999999837e+05,8.122946802999999523e+08
8.396265342000000477e+08,3.362959036000000197e+05,8.396265342000000477e+08
8.678780217999999523e+08,3.513609880000000121e+05,8.678780217999999523e+08
8.970804855000000000e+08,3.670944398999999976e+05,8.970804855000000000e+08
9.272655470000000000e+08,3.835305222000000067e+05,9.272655470000000000e+08
9.584664420000000000e+08,4.006711464999999735e+05,9.584664420000000000e+08
9.907173031000000238e+08,4.186433369999999995e+05,9.907173031000000238e+08
1.024053562000000000e+09,4.373829933999999776e+05,1.024053562000000000e+09
1.058511879000000000e+09,4.569044908999999752e+05,1.058511879000000000e+09
1.094129650000000000e+09,4.773484817000000039e+05,1.094129650000000000e+09
1.130945969000000000e+09,4.986488132999999798e+05,1.130945969000000000e+09
1.169001379000000000e+09,5.209498322000000044e+05,1.169001379000000000e+09
1.208337538000000000e+09,5.441930078999999678e+05,1.208337538000000000e+09
1.248997622000000000e+09,5.684857970999999670e+05,1.248997622000000000e+09
1.291026086000000000e+09,5.938268830999999773e+05,1.291026086000000000e+09
1.334468936000000000e+09,6.203305008000000380e+05,1.334468936000000000e+09
1.379373928000000000e+09,6.480287510000000475e+05,1.379373928000000000e+09
1.425790185000000000e+09,6.768866147000000346e+05,1.425790185000000000e+09
1.473768613000000000e+09,7.070340337000000291e+05,1.473768613000000000e+09
1.523361766000000000e+09,7.385832565999999642e+05,1.523361766000000000e+09
1.574623914000000000e+09,7.714642946999999695e+05,1.574623914000000000e+09
1.627611659000000000e+09,8.058102998999999836e+05,1.627611659000000000e+09
1.682382448000000000e+09,8.416130287999999709e+05,1.682382448000000000e+09
1.738996115000000000e+09,8.790342036000000080e+05,1.738996115000000000e+09
1.797517155000000000e+09,9.181362634000000544e+05,1.797517155000000000e+09
1.858007243000000000e+09,9.589932560000000522e+05,1.858007243000000000e+09
1.920530153000000000e+09,1.001618086000000010e+06,1.920530153000000000e+09
1.985160821000000000e+09,1.046012900999999954e+06,1.985160821000000000e+09
2.051965084000000000e+09,1.092504063000000082e+06,2.051965084000000000e+09
2.121019181000000000e+09,1.141015093000000110e+06,2.121019181000000000e+09
2.192396317000000000e+09,1.191716456999999937e+06,2.192396317000000000e+09
2.266177977000000000e+09,1.244528074000000022e+06,2.266177977000000000e+09
2.342440190000000000e+09,1.299758216000000015e+06,2.342440190000000000e+09
2.421271844000000000e+09,1.357367212999999989e+06,2.421271844000000000e+09
2.502756004000000000e+09,1.417471195000000065e+06,2.502756004000000000e+09
2.586981483000000000e+09,1.480274006000000052e+06,2.586981483000000000e+09
2.674043341000000000e+09,1.545825185000000056e+06,2.674043341000000000e+09
2.764035958000000000e+09,1.614238002000000095e+06,2.764035958000000000e+09
2.857056834000000000e+09,1.685754331000000006e+06,2.857056834000000000e+09
2.953210429000000000e+09,1.760338956999999937e+06,2.953210429000000000e+09
3.052598487000000000e+09,1.838160310000000056e+06,3.052598487000000000e+09
3.155333241000000000e+09,1.919422865999999922e+06,3.155333241000000000e+09
3.261525682000000000e+09,2.004307857000000076e+06,3.261525682000000000e+09
3.371293205000000000e+09,2.092852348999999929e+06,3.371293205000000000e+09
3.484756533000000000e+09,2.185191558999999892e+06,3.484756533000000000e+09
3.602037207000000000e+09,2.281706658999999985e+06,3.602037207000000000e+09
3.723267904000000000e+09,2.382409013999999966e+06,3.723267904000000000e+09
3.848576787000000000e+09,2.487426441000000108e+06,3.848576787000000000e+09
3.978105579000000000e+09,2.597346584999999963e+06,3.978105579000000000e+09
4.111996093000000000e+09,2.711648512999999803e+06,4.111996093000000000e+09
4.250391651000000000e+09,2.831130439999999944e+06,4.250391651000000000e+09
4.393447873000000000e+09,2.956079600000000093e+06,4.393447873000000000e+09
4.541317926000000000e+09,3.086059094000000041e+06,4.541317926000000000e+09
4.694167802000000000e+09,3.222055412000000011e+06,4.694167802000000000e+09
4.852162330000000000e+09,3.363691237000000197e+06,4.852162330000000000e+09
5.015476624000000000e+09,3.511581844000000041e+06,5.015476624000000000e+09
5.184288526000000000e+09,3.665955069000000134e+06,5.184288526000000000e+09
5.358781706000000000e+09,3.827034782999999821e+06,5.358781706000000000e+09
5.539151964000000000e+09,3.995381620999999810e+06,5.539151964000000000e+09
5.725593787000000000e+09,4.170778273000000045e+06,5.725593787000000000e+09
5.918311901000000000e+09,4.353880731999999844e+06,5.918311901000000000e+09
6.117518521000000000e+09,4.545077992999999784e+06,6.117518521000000000e+09
6.323433089000000000e+09,4.744354315000000410e+06,6.323433089000000000e+09
6.536278795000000000e+09,4.952480929999999702e+06,6.536278795000000000e+09
6.756290511000000000e+09,5.169837535000000149e+06,6.756290511000000000e+09
6.983709855000000000e+09,5.396038589999999851e+06,6.983709855000000000e+09
7.218786426000000000e+09,5.632292944000000134e+06,7.218786426000000000e+09
7.461777458000000000e+09,5.879210502999999560e+06,7.461777458000000000e+09
7.712949585000000000e+09,6.136737275000000373e+06,7.712949585000000000e+09
7.972577478000000000e+09,6.404997639000000432e+06,7.972577478000000000e+09
8.240948853000000000e+09,6.684850575000000186e+06,8.240948853000000000e+09
8.518354799000000000e+09,6.977057724000000395e+06,8.518354799000000000e+09
8.805101642000000000e+09,7.281839141999999993e+06,8.805101642000000000e+09
9.101503954000000000e+09,7.600040519000000320e+06,9.101503954000000000e+09
9.407886997000000000e+09,7.932061912999999709e+06,9.407886997000000000e+09
9.724585164000000000e+09,8.278590569000000134e+06,9.724585164000000000e+09
1.005194763000000000e+10,8.639429812999999151e+06,1.005194763000000000e+10
1.039033213000000000e+10,9.016124538000000641e+06,1.039033213000000000e+10
1.074011210000000000e+10,9.408638883999999613e+06,1.074011210000000000e+10
1.110166914000000000e+10,9.819005828999999911e+06,1.110166914000000000e+10
1.147540107000000000e+10,1.024647372000000067e+07,1.147540107000000000e+10
1.186171745000000000e+10,1.069227688000000082e+07,1.186171745000000000e+10
1.226104458000000000e+10,1.115744666000000015e+07,1.226104458000000000e+10
1.267381691000000000e+10,1.164298819999999925e+07,1.267381691000000000e+10
1.310048973000000000e+10,1.214864094999999925e+07,1.310048973000000000e+10
1.354153097000000000e+10,1.267680388000000082e+07,1.354153097000000000e+10
1.399742289000000000e+10,1.322740100000000000e+07,1.399742289000000000e+10
1.446866808000000000e+10,1.380217644999999925e+07,1.446866808000000000e+10
1.495578454000000000e+10,1.440035455000000075e+07,1.495578454000000000e+10
1.545930373000000000e+10,1.502573227999999933e+07,1.545930373000000000e+10
1.597977930000000000e+10,1.567580064000000060e+07,1.597977930000000000e+10
1.651778403000000000e+10,1.635504078999999911e+07,1.651778403000000000e+10
1.707390605000000000e+10,1.706331519000000134e+07,1.707390605000000000e+10
1.764875824000000000e+10,1.780236455999999866e+07,1.764875824000000000e+10
1.824297305000000000e+10,1.857184146999999881e+07,1.824297305000000000e+10
1.885719476000000000e+10,1.937589812000000104e+07,1.885719476000000000e+10
1.949209872000000000e+10,2.021344728000000119e+07,1.949209872000000000e+10
2.014839822000000000e+10,2.108558007999999821e+07,2.014839822000000000e+10
2.082680113000000000e+10,2.199556362999999896e+07,2.082680113000000000e+10
2.152804678000000000e+10,2.294444353000000119e+07,2.152804678000000000e+10
2.225290591000000000e+10,2.393514741000000015e+07,2.225290591000000000e+10
2.300219825000000000e+10,2.496709919999999925e+07,2.300219825000000000e+10
2.377669739000000000e+10,2.604233307000000030e+07,2.377669739000000000e+10
2.457732445000000000e+10,2.716437578000000119e+07,2.457732445000000000e+10
2.540488501000000000e+10,2.833262653000000119e+07,2.540488501000000000e+10
2.626033425000000000e+10,2.955196957000000030e+07,2.626033425000000000e+10
2.714459138000000000e+10,3.082162810000000149e+07,2.714459138000000000e+10
2.805862408000000000e+10,3.214564723999999836e+07,2.805862408000000000e+10
2.900346687000000000e+10,3.352674878999999911e+07,2.900346687000000000e+10
2.998012073000000000e+10,3.496664139999999851e+07,2.998012073000000000e+10
3.098967350000000000e+10,3.646885717000000179e+07,3.098967350000000000e+10
3.203323170000000000e+10,3.803076186999999732e+07,3.203323170000000000e+10
3.311196672000000000e+10,3.965992399000000209e+07,3.311196672000000000e+10
3.422701576000000000e+10,4.135718379999999702e+07,3.422701576000000000e+10
3.537963591000000000e+10,4.312987253999999911e+07,3.537963591000000000e+10
3.657106468000000000e+10,4.497078621000000089e+07,3.657106468000000000e+10
3.780265582000000000e+10,4.689469660999999940e+07,3.780265582000000000e+10
3.907573133000000000e+10,4.889818796000000089e+07,3.907573133000000000e+10
4.039168350000000000e+10,5.098302800999999791e+07,4.039168350000000000e+10
4.175198880000000000e+10,5.315756596999999881e+07,4.175198880000000000e+10
4.315809817000000000e+10,5.542720367000000179e+07,4.315809817000000000e+10
4.461158962000000000e+10,5.778781134000000358e+07,4.461158962000000000e+10
4.611404214000000000e+10,6.024786882999999821e+07,4.611404214000000000e+10
4.766712013000000000e+10,6.281280204999999702e+07,4.766712013000000000e+10
4.927253229000000000e+10,6.548615395000000298e+07,4.927253229000000000e+10
5.093201484000000000e+10,6.826591545000000298e+07,5.093201484000000000e+10
5.264740869000000000e+10,7.117287942000000179e+07,5.264740869000000000e+10
5.442061559000000000e+10,7.418909687999999523e+07,5.442061559000000000e+10
5.625355849000000000e+10,7.733393784000000358e+07,5.625355849000000000e+10
5.814807496000000000e+10,8.049279653000000119e+07,5.814807496000000000e+10
6.010614207000000000e+10,8.360205720999999344e+07,6.010614207000000000e+10
6.213064617000000000e+10,8.713718637000000477e+07,6.213064617000000000e+10
6.422336215000000000e+10,9.081398162000000477e+07,6.422336215000000000e+10
6.638657295000000000e+10,9.464338745999999344e+07,6.638657295000000000e+10
6.862267400000000000e+10,9.863915887999999523e+07,6.862267400000000000e+10
7.093415334000000000e+10,1.027944675000000000e+08,7.093415334000000000e+10
7.332348643000000000e+10,1.071203252000000030e+08,7.332348643000000000e+10
7.579333275000000000e+10,1.116196400999999940e+08,7.579333275000000000e+10
7.834642624000000000e+10,1.163154175999999940e+08,7.834642624000000000e+10
8.098553557000000000e+10,1.212008740000000000e+08,8.098553557000000000e+10
8.371358567000000000e+10,1.262809227999999970e+08,8.371358567000000000e+10
8.653355140000000000e+10,1.315845644000000060e+08,8.653355140000000000e+10
8.944857852000000000e+10,1.370968440999999940e+08,8.944857852000000000e+10
9.246181521000000000e+10,1.428389005000000000e+08,9.246181521000000000e+10
9.557660486000000000e+10,1.488062403000000119e+08,9.557660486000000000e+10
9.879634957000000000e+10,1.550272141999999881e+08,9.879634957000000000e+10
1.021246154000000000e+11,1.614961831999999881e+08,1.021246154000000000e+11
1.055650555000000000e+11,1.682400094000000060e+08,1.055650555000000000e+11
1.091214267000000000e+11,1.752501296999999881e+08,1.091214267000000000e+11
1.127976655000000000e+11,1.825539553000000119e+08,1.127976655000000000e+11
1.165977794000000000e+11,1.901464574000000060e+08,1.165977794000000000e+11
1.205259868000000000e+11,1.980557760999999940e+08,1.205259868000000000e+11
1.245866011000000000e+11,2.062748284000000060e+08,1.245866011000000000e+11
1.287840641000000000e+11,2.148444489000000060e+08,1.287840641000000000e+11
1.331229916000000000e+11,2.237472368000000119e+08,1.331229916000000000e+11
1.376081678000000000e+11,2.330176975000000000e+08,1.376081678000000000e+11
1.422445315000000000e+11,2.426423506999999881e+08,1.422445315000000000e+11
1.470371413000000000e+11,2.526827361999999881e+08,1.470371413000000000e+11
1.519913236000000000e+11,2.631236814000000060e+08,1.519913236000000000e+11
1.571124518000000000e+11,2.739714863999999762e+08,1.571124518000000000e+11
1.624062292000000000e+11,2.852614601999999881e+08,1.624062292000000000e+11
1.678784471000000000e+11,2.970121813999999762e+08,1.678784471000000000e+11
1.735350627000000000e+11,3.092444573000000119e+08,1.735350627000000000e+11
1.793825654000000000e+11,3.219424626000000238e+08,1.793825654000000000e+11
1.854269618000000000e+11,3.351672033999999762e+08,1.854269618000000000e+11
1.916750939000000000e+11,3.489041266000000238e+08,1.916750939000000000e+11
1.981339511000000000e+11,3.631922306000000238e+08,1.981339511000000000e+11
2.048105058000000000e+11,3.780672696000000238e+08,2.048105058000000000e+11
2.117122092000000000e+11,3.935298880000000000e+08,2.117122092000000000e+11
2.188465072000000000e+11,4.095608526999999881e+08,2.188465072000000000e+11
2.262213294000000000e+11,4.262980081000000238e+08,2.262213294000000000e+11
2.338446291000000000e+11,4.436522880000000000e+08,2.338446291000000000e+11
2.417251875000000000e+11,4.617117431999999881e+08,2.417251875000000000e+11
2.498713355000000000e+11,4.804653541000000238e+08,2.498713355000000000e+11
2.582920315000000000e+11,4.999835311999999881e+08,2.582920315000000000e+11
2.669966838000000000e+11,5.202469473000000119e+08,2.669966838000000000e+11
2.759947843000000000e+11,5.413442987000000477e+08,2.759947843000000000e+11
2.852962299000000000e+11,5.632408295000000000e+08,2.852962299000000000e+11
2.949114636000000000e+11,5.860125748999999762e+08,2.949114636000000000e+11
3.048506289000000000e+11,6.096955125000000000e+08,3.048506289000000000e+11
3.151250548000000000e+11,6.342288377000000477e+08,3.151250548000000000e+11
3.257458611000000000e+11,6.597972363999999762e+08,3.257458611000000000e+11
3.367248045000000000e+11,6.862982657999999523e+08,3.367248045000000000e+11
3.480738690000000000e+11,7.138669402000000477e+08,3.480738690000000000e+11
3.598055647000000000e+11,7.424938596000000238e+08,3.598055647000000000e+11
3.719329838000000000e+11,7.722272847999999523e+08,3.719329838000000000e+11
3.844690903000000000e+11,8.031060802000000477e+08,3.844690903000000000e+11
3.974281097000000000e+11,8.284856757000000477e+08,3.974281097000000000e+11
4.108242047000000000e+11,8.442240736000000238e+08,4.108242047000000000e+11
4.246714026000000000e+11,8.585704477999999523e+08,4.246714026000000000e+11
4.389849758000000000e+11,8.721032517000000477e+08,4.389849758000000000e+11
4.537802537000000000e+11,8.860240502000000477e+08,4.537802537000000000e+11
4.690738822000000000e+11,8.992336132000000477e+08,4.690738822000000000e+11
4.848822336000000000e+11,9.127228297000000477e+08,4.848822336000000000e+11
5.012229051000000000e+11,9.268578052000000477e+08,5.012229051000000000e+11
5.181138118000000000e+11,9.405018367000000477e+08,5.181138118000000000e+11
5.355728646000000000e+11,9.554129637000000477e+08,5.355728646000000000e+11
5.536201914000000000e+11,9.699559650000000000e+08,5.536201914000000000e+11
5.722745157000000000e+11,9.854943137000000477e+08,5.722745157000000000e+11
5.915572051000000000e+11,1.001338550000000000e+09,5.915572051000000000e+11
6.114887498000000000e+11,1.017568110000000000e+09,6.114887498000000000e+11
6.320914453000000000e+11,1.034905285000000000e+09,6.320914453000000000e+11
6.533877032000000000e+11,1.052184631000000000e+09,6.533877032000000000e+11
6.754005017000000000e+11,1.071002052000000000e+09,6.754005017000000000e+11
6.981547440000000000e+11,1.089547426000000000e+09,6.981547440000000000e+11
7.216747575000000000e+11,1.109820441000000000e+09,7.216747575000000000e+11
7.459866411000000000e+11,1.130785626000000000e+09,7.459866411000000000e+11
7.711168412000000000e+11,1.152625325000000000e+09,7.711168412000000000e+11
7.970932641000000000e+11,1.174921022000000000e+09,7.970932641000000000e+11
8.239440127000000000e+11,1.198698977000000000e+09,8.239440127000000000e+11
8.516985433000000000e+11,1.223562242000000000e+09,8.516985433000000000e+11
8.803875998000000000e+11,1.249229944000000000e+09,8.803875998000000000e+11
9.100425074000000000e+11,1.276011219000000000e+09,9.100425074000000000e+11
9.406958145000000000e+11,1.304348543000000000e+09,9.406958145000000000e+11
9.723809879000000000e+11,1.333843207000000000e+09,9.723809879000000000e+11
1.005132863000000000e+12,1.364970560000000000e+09,1.005132863000000000e+12
1.038987573000000000e+12,1.397079853000000000e+09,1.038987573000000000e+12
1.073981984000000000e+12,1.431467886000000000e+09,1.073981984000000000e+12
1.110154594000000000e+12,1.466472027000000000e+09,1.110154594000000000e+12
1.147544936000000000e+12,1.504058341000000000e+09,1.147544936000000000e+12
1.186194444000000000e+12,1.543153245000000000e+09,1.186194444000000000e+12
1.226144985000000000e+12,1.584147912000000000e+09,1.226144985000000000e+12
1.267440781000000000e+12,1.626893794000000000e+09,1.267440781000000000e+12
1.310126997000000000e+12,1.672112492000000000e+09,1.310126997000000000e+12
1.354250518000000000e+12,1.719353616000000000e+09,1.354250518000000000e+12
1.399859695000000000e+12,1.769235527000000000e+09,1.399859695000000000e+12
1.447004590000000000e+12,1.821067762000000000e+09,1.447004590000000000e+12
1.495737140000000000e+12,1.875908308000000000e+09,1.495737140000000000e+12
1.546110372000000000e+12,1.932583945000000000e+09,1.546110372000000000e+12
1.598180040000000000e+12,1.992683660000000000e+09,1.598180040000000000e+12
1.652003010000000000e+12,2.055724855000000000e+09,1.652003010000000000e+12
1.707638499000000000e+12,2.122311058000000000e+09,1.707638499000000000e+12
1.765147203000000000e+12,2.191565764000000000e+09,1.765147203000000000e+12
1.824593692000000000e+12,2.264490562000000000e+09,1.824593692000000000e+12
1.886041498000000000e+12,2.341213618000000000e+09,1.886041498000000000e+12
1.949557764000000000e+12,2.421087178000000000e+09,1.949557764000000000e+12
2.015215179000000000e+12,2.505498812000000000e+09,2.015215179000000000e+12
2.083081741000000000e+12,2.593929888000000000e+09,2.083081741000000000e+12
2.153234487000000000e+12,2.687300457000000000e+09,2.153234487000000000e+12
2.225750081000000000e+12,2.784503051000000000e+09,2.225750081000000000e+12
2.300708769000000000e+12,2.886914682000000000e+09,2.300708769000000000e+12
2.378190671000000000e+12,2.994464836000000000e+09,2.378190671000000000e+12
2.458285001000000000e+12,3.106888573000000000e+09,2.458285001000000000e+12
2.541074750000000000e+12,3.225253647000000000e+09,2.541074750000000000e+12
2.626653261000000000e+12,3.349648956000000000e+09,2.626653261000000000e+12
2.715116377000000000e+12,3.480257910000000000e+09,2.715116377000000000e+12
2.806556872000000000e+12,3.616889412000000000e+09,2.806556872000000000e+12
2.901079113000000000e+12,3.760965314000000000e+09,2.901079113000000000e+12
2.998785556000000000e+12,3.911071872000000000e+09,2.998785556000000000e+12
3.099782878000000000e+12,4.069280040000000000e+09,3.099782878000000000e+12
3.204182652000000000e+12,4.235999921000000000e+09,3.204182652000000000e+12
3.312099498000000000e+12,4.409746353000000000e+09,3.312099498000000000e+12
3.423653163000000000e+12,4.592753280000000000e+09,3.423653163000000000e+12
3.538964314000000000e+12,4.784495031000000000e+09,3.538964314000000000e+12
3.658158865000000000e+12,4.985389837000000000e+09,3.658158865000000000e+12
3.781372867000000000e+12,5.196667200000000000e+09,3.781372867000000000e+12
3.908735542000000000e+12,5.418239984000000000e+09,3.908735542000000000e+12
4.040390286000000000e+12,5.650763728000000000e+09,4.040390286000000000e+12
4.176482335000000000e+12,5.894021465000000000e+09,4.176482335000000000e+12
4.317158383000000000e+12,6.149668406000000000e+09,4.317158383000000000e+12
4.462574607000000000e+12,6.417434955000000000e+09,4.462574607000000000e+12
4.612893194000000000e+12,6.698679145000000000e+09,4.612893194000000000e+12
4.768275668000000000e+12,6.993067793000000000e+09,4.768275668000000000e+12
4.928895057000000000e+12,7.301504899000000000e+09,4.928895057000000000e+12
5.094926829000000000e+12,7.625127286000000000e+09,5.094926829000000000e+12
5.266554525000000000e+12,7.964746822000000000e+09,5.266554525000000000e+12
5.443966840000000000e+12,8.320284014000000000e+09,5.443966840000000000e+12
5.627357690000000000e+12,8.692810445000000000e+09,5.627357690000000000e+12
5.816929772000000000e+12,9.083307077000000000e+09,5.816929772000000000e+12
6.012891722000000000e+12,9.492207877000000000e+09,6.012891722000000000e+12
6.215459516000000000e+12,9.920492695000000000e+09,6.215459516000000000e+12
6.424854026000000000e+12,1.036952879000000000e+10,6.424854026000000000e+12
6.641306002000000000e+12,1.083940069000000000e+10,6.641306002000000000e+12
6.865056357000000000e+12,1.133170661000000000e+10,6.865056357000000000e+12
7.096350033000000000e+12,1.184740926000000000e+10,7.096350033000000000e+12
7.335438062000000000e+12,1.238697748000000000e+10,7.335438062000000000e+12
7.582587732000000000e+12,1.295158655000000000e+10,7.582587732000000000e+12
7.838069832000000000e+12,1.354272048000000000e+10,7.838069832000000000e+12
8.102164515000000000e+12,1.416147890000000000e+10,8.102164515000000000e+12
8.375163237000000000e+12,1.480871532000000000e+10,8.375163237000000000e+12
8.657366600000000000e+12,1.548557652000000000e+10,8.657366600000000000e+12
8.949083090000000000e+12,1.619413168000000000e+10,8.949083090000000000e+12
9.250638236000000000e+12,1.693487905000000000e+10,9.250638236000000000e+12
9.562359074000000000e+12,1.770949231000000000e+10,9.562359074000000000e+12
9.884593352000000000e+12,1.851947576000000000e+10,9.884593352000000000e+12
1.021769305000000000e+13,1.936614774000000000e+10,1.021769305000000000e+13
1.056202351000000000e+13,2.025150352000000000e+10,1.056202351000000000e+13
1.091796864000000000e+13,2.117615850000000000e+10,1.091796864000000000e+13
1.128591479000000000e+13,2.214268723000000000e+10,1.128591479000000000e+13
1.166627116000000000e+13,2.315250736000000000e+10,1.166627116000000000e+13
1.205945531000000000e+13,2.420596671000000000e+10,1.205945531000000000e+13
1.246589977000000000e+13,2.530946641000000000e+10,1.246589977000000000e+13
1.288605271000000000e+13,2.645883190000000000e+10,1.288605271000000000e+13
1.332037751000000000e+13,2.765981410000000000e+10,1.332037751000000000e+13
1.376935045000000000e+13,2.891318512000000000e+10,1.376935045000000000e+13
1.423346812000000000e+13,3.022153223000000000e+10,1.423346812000000000e+13
1.471323996000000000e+13,3.158669241000000000e+10,1.471323996000000000e+13
1.520919611000000000e+13,3.301110891000000000e+10,1.520919611000000000e+13
1.572188336000000000e+13,3.449703235000000000e+10,1.572188336000000000e+13
1.625186397000000000e+13,3.604678789000000000e+10,1.625186397000000000e+13
1.679972445000000000e+13,3.766295025000000000e+10,1.679972445000000000e+13
1.736607375000000000e+13,3.934803059000000000e+10,1.736607375000000000e+13
1.795151748000000000e+13,4.110471217000000000e+10,1.795151748000000000e+13
1.855671848000000000e+13,4.293563514000000000e+10,1.855671848000000000e+13
1.918233639000000000e+13,4.484371788000000000e+10,1.918233639000000000e+13
1.982905607000000000e+13,4.683199108000000000e+10,1.982905607000000000e+13
2.049760252000000000e+13,4.890311382000000000e+10,2.049760252000000000e+13
2.118871820000000000e+13,5.106119186000000000e+10,2.118871820000000000e+13
2.190313299000000000e+13,5.330817106000000000e+10,2.190313299000000000e+13
2.264166920000000000e+13,5.564833377000000000e+10,2.264166920000000000e+13
2.340511111000000000e+13,5.808531735000000000e+10,2.340511111000000000e+13
2.419432641000000000e+13,6.062027810000000000e+10,2.419432641000000000e+13
2.501016493000000000e+13,6.326299594000000000e+10,2.501016493000000000e+13
2.585354974000000000e+13,6.601147719000000000e+10,2.585354974000000000e+13
2.672538133000000000e+13,6.887217610000000000e+10,2.672538133000000000e+13
2.762662418000000000e+13,7.184965089000000000e+10,2.762662418000000000e+13
2.855830646000000000e+13,7.494810309000000000e+10,2.855830646000000000e+13
2.952141271000000000e+13,7.817074912000000000e+10,2.952141271000000000e+13
3.051705473000000000e+13,8.152595332000000000e+10,3.051705473000000000e+13
3.154627223000000000e+13,8.501502352000000000e+10,3.154627223000000000e+13
3.261022613000000000e+13,8.864566999000000000e+10,3.261022613000000000e+13
3.371010162000000000e+13,9.242325747000000000e+10,3.371010162000000000e+13
3.484710375000000000e+13,9.635393278000000000e+10,3.484710375000000000e+13
3.602247226000000000e+13,1.004444558000000000e+11,3.602214629310880469e+13
3.723751414000000000e+13,1.047011274000000000e+11,3.723395427978349219e+13
3.849356899000000000e+13,1.091317042000000000e+11,3.848652802682601562e+13
3.979202480000000000e+13,1.137438758000000000e+11,3.978124148311502344e+13
4.113430967000000000e+13,1.185459447000000000e+11,4.111950799233707031e+13
4.252192950000000000e+13,1.235424198000000000e+11,4.250281791365204688e+13
4.395636067000000000e+13,1.287532445000000000e+11,4.393263139130467188e+13
4.543924743000000000e+13,1.341814836000000000e+11,4.541057517578531250e+13
4.697219343000000000e+13,1.398392271000000000e+11,4.693823486396387500e+13
4.855687813000000000e+13,1.457474025000000000e+11,4.851727065854549219e+13
5.019508644000000000e+13,1.519070239000000000e+11,5.014944703813500781e+13
5.188860264000000000e+13,1.583428633000000000e+11,5.183652695156092188e+13
5.363929281000000000e+13,1.650652016000000000e+11,5.358035377718199219e+13
5.544910899000000000e+13,1.720961995000000000e+11,5.538285548046485156e+13
5.732004396000000000e+13,1.794590604000000000e+11,5.724599929734816406e+13
5.925416978000000000e+13,1.871743290000000000e+11,5.917183011694813281e+13
6.125360405000000000e+13,1.952691729000000000e+11,6.116243676766414062e+13
6.332059543000000000e+13,2.037716786000000000e+11,6.322003701623090625e+13
6.545740050000000000e+13,2.127207355000000000e+11,6.534685468504345312e+13
6.766638368000000000e+13,2.221495118000000000e+11,6.754521900895921875e+13
6.994998527000000000e+13,2.321003723000000000e+11,6.981753269098960156e+13
7.231076867000000000e+13,2.426252566000000000e+11,7.216631851981809375e+13
7.475131168000000000e+13,2.537800018000000000e+11,7.459411086612400000e+13
7.727439499000000000e+13,2.583721720000000000e+11,7.710376038586937500e+13
7.988292627000000000e+13,2.600817859000000000e+11,7.969831171176493750e+13
8.257984143000000000e+13,2.613714397000000000e+11,8.238073922286926562e+13
8.536815753000000000e+13,2.621943504000000000e+11,8.515405803667642188e+13
8.825099613000000000e+13,2.624999276000000000e+11,8.802138934724648438e+13
9.122924206000000000e+13,2.708594848000000000e+11,9.098349151960875000e+13
9.430699264000000000e+13,2.844697693000000000e+11,9.404421251476406250e+13
9.748873973000000000e+13,2.992501581000000000e+11,9.720789952707831250e+13
1.007780069000000000e+14,3.153651197000000000e+11,1.004780001678939844e+14
1.041784682000000000e+14,3.330054956000000000e+11,1.038581038963940312e+14
1.076939482000000000e+14,3.522857773000000000e+11,1.073519425610573594e+14
1.113283458000000000e+14,3.735432623000000000e+11,1.109633121237397500e+14
1.150857222000000000e+14,3.968863628000000000e+11,1.146961596557784688e+14
1.189702681000000000e+14,4.226534465000000000e+11,1.185545506261401094e+14
1.229864216000000000e+14,4.511394398000000000e+11,1.225427824266610000e+14
1.271386413000000000e+14,4.825899062000000000e+11,1.266651600155162656e+14
1.314316470000000000e+14,5.175764490000000000e+11,1.309262302057785469e+14
1.358702558000000000e+14,5.562858718000000000e+11,1.353306188704526875e+14
1.404595542000000000e+14,5.993687838000000000e+11,1.398832003773845312e+14
1.452047129000000000e+14,6.472566066000000000e+11,1.445889086579416562e+14
1.501111925000000000e+14,7.004798798000000000e+11,1.494529427127856875e+14
1.551845923000000000e+14,7.599159447000000000e+11,1.544806085364755000e+14
1.604307177000000000e+14,8.259501180000000000e+11,1.596773869368538438e+14
1.658556485000000000e+14,8.997833630000000000e+11,1.650489955514952812e+14
1.714656177000000000e+14,9.820037432000000000e+11,1.706012634147712812e+14
1.772672266000000000e+14,1.073711592000000000e+12,1.763403449249330312e+14
1.832672044000000000e+14,1.175994750000000000e+12,1.822724718964950000e+14
1.894726431000000000e+14,1.290215171000000000e+12,1.884041802011638750e+14
1.958909491000000000e+14,1.417751542000000000e+12,1.947422549317884062e+14
2.025294752000000000e+14,1.560074646000000000e+12,2.012933631989916250e+14
2.093965399000000000e+14,1.717749881000000000e+12,2.080650713857749688e+14
2.165000380000000000e+14,1.891670474000000000e+12,2.150644820699372500e+14
2.238486115000000000e+14,2.084852891000000000e+12,2.222993483519992812e+14
2.314510243000000000e+14,2.299989341000000000e+12,2.297774232034889375e+14
2.393171497000000000e+14,2.539794224000000000e+12,2.375074323748409062e+14
2.474562234000000000e+14,2.807134315000000000e+12,2.454973491396779062e+14
2.558784048000000000e+14,3.105222254000000000e+12,2.537559178914923750e+14
2.645943889000000000e+14,3.437615828000000000e+12,2.622922558420202500e+14
2.736156454000000000e+14,3.808400274000000000e+12,2.711160672344821250e+14
2.829534142000000000e+14,4.221879261000000000e+12,2.802366420652608438e+14
2.926197721000000000e+14,4.682706171000000000e+12,2.896638854047136875e+14
3.026277953000000000e+14,5.196157766000000000e+12,2.994084514657107500e+14
3.129904144000000000e+14,5.768042347000000000e+12,3.094806009898195625e+14
3.237218275000000000e+14,6.405108157000000000e+12,3.198915458268105625e+14
3.348374063000000000e+14,7.114400496000000000e+12,3.306533236304273750e+14
3.463514124000000000e+14,7.903573755000000000e+12,3.417765617807938125e+14
3.582807845000000000e+14,8.781306940000000000e+12,3.532741076261778750e+14
3.706426024000000000e+14,9.757139226000000000e+12,3.651585294650454375e+14
3.834549521000000000e+14,1.084205010000000000e+13,3.774429025389129375e+14
3.967365610000000000e+14,1.204764464000000000e+13,3.901404101830371250e+14
4.105076618000000000e+14,1.338647598000000000e+13,4.032651295728559375e+14
4.247893170000000000e+14,1.487267306000000000e+13,4.168313261895262500e+14
4.396038000000000000e+14,1.652180259000000000e+13,4.308537503413207500e+14
4.549752227000000000e+14,1.835154189000000000e+13,4.453481513083101250e+14
4.709287316000000000e+14,2.038112453000000000e+13,4.603304313542131250e+14
4.874906059000000000e+14,2.263079179000000000e+13,4.758166752767981875e+14
5.046889938000000000e+14,2.512340522000000000e+13,4.918237572788921250e+14
5.225538599000000000e+14,2.788419337000000000e+13,5.083691784543930000e+14
5.411173983000000000e+14,3.094155186000000000e+13,5.254713259831405625e+14
5.604141164000000000e+14,3.432682049000000000e+13,5.431494101462683750e+14
5.804794474000000000e+14,3.807238801000000000e+13,5.614220892125351875e+14
6.013518170000000000e+14,4.221499982000000000e+13,5.803092425346515000e+14
6.230724991000000000e+14,4.679511828000000000e+13,5.998316548160671250e+14
6.456861305000000000e+14,5.185871544000000000e+13,6.200112767791430000e+14
6.692398930000000000e+14,5.745471909000000000e+13,6.408702974345408750e+14
6.937834367000000000e+14,6.363505120000000000e+13,6.624309358698505000e+14
7.193702974000000000e+14,7.045801965000000000e+13,6.847164938100775000e+14
7.460586456000000000e+14,7.798829504000000000e+13,7.077517309854350000e+14
7.739124056000000000e+14,8.629962268000000000e+13,7.315634931919313750e+14
8.029959327000000000e+14,9.546428225000000000e+13,7.561759451444578750e+14
8.333801618000000000e+14,1.055653968000000000e+14,7.816156402636605000e+14
8.651436420000000000e+14,1.166970348000000000e+14,8.079119087843806250e+14
8.983698752000000000e+14,1.289604652000000000e+14,8.350942239195953750e+14
9.331448746000000000e+14,1.424582420000000000e+14,8.631900145171753750e+14
9.695645674000000000e+14,1.573090032000000000e+14,8.922303664038937500e+14
1.007737396000000000e+15,1.736484683000000000e+14,9.222513537315561250e+14
1.047766490000000000e+15,1.916029875000000000e+14,9.532797076471685000e+14
1.089776120000000000e+15,2.113292467000000000e+14,9.853532149858507500e+14
1.133895806000000000e+15,2.329896182000000000e+14,1.018507530927842625e+15
1.180257198000000000e+15,2.567483169000000000e+14,1.052773775184157750e+15
1.229023343000000000e+15,2.828127101000000000e+14,1.088199467107460375e+15
1.280337135000000000e+15,3.113587756000000000e+14,1.124810269072410125e+15
1.334393566000000000e+15,3.426334813000000000e+14,1.162661625460937500e+15
1.391358499000000000e+15,3.768408848000000000e+14,1.201780204608813250e+15
1.451449388000000000e+15,4.142527953000000000e+14,1.242220084353611500e+15
1.514876031000000000e+15,4.551275861000000000e+14,1.284020710269309500e+15
1.581863469000000000e+15,4.997437312000000000e+14,1.327222626286386500e+15
1.652683525000000000e+15,5.484340685000000000e+14,1.371886377420727750e+15
1.727595877000000000e+15,6.015178839000000000e+14,1.418053745139324250e+15
1.806886281000000000e+15,6.593480141000000000e+14,1.465772062679939250e+15
1.890871358000000000e+15,7.223127315000000000e+14,1.515095671826290000e+15
1.979890353000000000e+15,7.908327332000000000e+14,1.566079671522364750e+15
2.074307075000000000e+15,8.653634072000000000e+14,1.618780065449794750e+15
2.174514270000000000e+15,9.464001441000000000e+14,1.673255131856355000e+15
2.280937065000000000e+15,1.034481717000000000e+15,1.729566024485986500e+15
2.394032484000000000e+15,1.130199668000000000e+15,1.787775126403266000e+15
2.514289465000000000e+15,1.234197561000000000e+15,1.847944759667473500e+15
2.642237549000000000e+15,1.347178771000000000e+15,1.910140216920942000e+15
2.778444260000000000e+15,1.469915998000000000e+15,1.974426867594964750e+15
2.923527251000000000e+15,1.603254173000000000e+15,2.040874308632620750e+15
3.078152609000000000e+15,1.748120597000000000e+15,2.109553631339015500e+15
3.243075101000000000e+15,1.905574537000000000e+15,2.180552691826986500e+15
3.419093333000000000e+15,2.076761429000000000e+15,2.253953376221383500e+15
3.607019428000000000e+15,2.262858555000000000e+15,2.329818745427002500e+15
3.807765976000000000e+15,2.465197718000000000e+15,2.408227806342091000e+15
4.022330585000000000e+15,2.685245022000000000e+15,2.489265428283741500e+15
